username,password
abc1,secretpassword1
abc2,secretpassword2
abc3,secretpassword3
abc4,secretpassword4
abc5,secretpassword5
abc6,secretpassword6
abc7,secretpassword7
abc8,secretpassword8
abc9,secretpassword9
abc10,secretpassword10
abc11,secretpassword11
abc12,secretpassword12
abc13,secretpassword13
abc14,secretpassword14
abc15,secretpassword15
abc16,secretpassword16
abc17,secretpassword17
abc18,secretpassword18
abc19,secretpassword19
abc20,secretpassword20
abc21,secretpassword21
abc22,secretpassword22
abc23,secretpassword23
abc24,secretpassword24
abc25,secretpassword25
abc26,secretpassword26
abc27,secretpassword27
abc28,secretpassword28
abc29,secretpassword29
abc30,secretpassword30
abc31,secretpassword31
abc32,secretpassword32
abc33,secretpassword33
abc34,secretpassword34
abc35,secretpassword35
abc36,secretpassword36
abc37,secretpassword37
abc38,secretpassword38
abc39,secretpassword39
abc40,secretpassword40
abc41,secretpassword41
abc42,secretpassword42
abc43,secretpassword43
abc44,secretpassword44
abc45,secretpassword45
abc46,secretpassword46
abc47,secretpassword47
abc48,secretpassword48
abc49,secretpassword49
abc50,secretpassword50
abc51,secretpassword51
abc52,secretpassword52
abc53,secretpassword53
abc54,secretpassword54
abc55,secretpassword55
abc56,secretpassword56
abc57,secretpassword57
abc58,secretpassword58
abc59,secretpassword59
abc60,secretpassword60
abc61,secretpassword61
abc62,secretpassword62
abc63,secretpassword63
abc64,secretpassword64
abc65,secretpassword65
abc66,secretpassword66
abc67,secretpassword67
abc68,secretpassword68
abc69,secretpassword69
abc70,secretpassword70
abc71,secretpassword71
abc72,secretpassword72
abc73,secretpassword73
abc74,secretpassword74
abc75,secretpassword75
abc76,secretpassword76
abc77,secretpassword77
abc78,secretpassword78
abc79,secretpassword79
abc80,secretpassword80
abc81,secretpassword81
abc82,secretpassword82
abc83,secretpassword83
abc84,secretpassword84
abc85,secretpassword85
abc86,secretpassword86
abc87,secretpassword87
abc88,secretpassword88
abc89,secretpassword89
abc90,secretpassword90
abc91,secretpassword91
abc92,secretpassword92
abc93,secretpassword93
abc94,secretpassword94
abc95,secretpassword95
abc96,secretpassword96
abc97,secretpassword97
abc98,secretpassword98
abc99,secretpassword99
